BILLING_PROVIDER_NPI_NUM,HCPCS_CODE,CLAIM_FROM_MONTH,TOTAL_UNIQUE_BENEFICIARIES,TOTAL_PAID,SPEND_PER_BENEFICIARY
1528351285,S9124,2024-02,13,3744754.0,288058.0
1144868100,8888888,2021-12,13,2583900.0,198761.53846153847
1285641514,J7170,2024-03,12,1278459.09,106538.2575
1285641514,J7170,2023-03,12,1251640.13,104303.34416666666
1285641514,J7170,2023-12,12,1211555.44,100962.95333333332
1851654909,H2016,2023-11,29,2728201.2,94075.90344827587
1285641514,J7170,2023-09,12,1107697.6,92308.13333333335
1245248939,J7170,2024-01,13,1192506.62,91731.27846153847
1851654909,H2016,2023-05,23,2083956.0,90606.78260869565
1275032096,97153,2023-10,42,3594400.7,85580.96904761906
1053910539,H0019,2024-02,12,997272.29,83106.02416666667
1700434701,97153,2023-10,18,1484712.79,82484.04388888889
1982019816,S9122,2018-09,12,968715.0,80726.25
1982019816,S9122,2018-10,12,964350.0,80362.5
1588132062,Q4205,2022-01,15,1199637.12,79975.808
1033154026,J2350,2023-04,23,1831499.22,79630.40086956522
1851654909,H2016,2023-07,26,2052432.8,78939.72307692308
1700434701,97153,2023-11,17,1341737.6,78925.74117647059
1982019816,S9122,2018-08,12,928125.0,77343.75
1275032096,97153,2023-11,43,3210446.53,74661.54720930233
1932589140,H2016,2022-12,23,1684895.96,73256.34608695652
1982019816,S9122,2018-11,12,865485.0,72123.75
1073688354,J2350,2023-04,21,1351401.58,64352.456190476194
1699977165,H2013,2023-10,13,805716.33,61978.17923076923
1578989703,0121,2022-10,18,1108171.0,61565.055555555555
1700434701,97153,2023-12,17,1015436.8,59731.57647058824
1982628350,S9124,2018-11,13,775170.0,59628.46153846154
1275257917,H0015,2023-04,22,1307472.74,59430.579090909094
1831754159,97153,2023-10,19,1099520.0,57869.47368421053
1851654909,H2016,2023-09,26,1494155.2,57467.50769230769
1932589140,H2016,2023-05,23,1306882.9,56820.99565217391
1235540212,H2020,2023-01,17,965396.75,56788.044117647056
1932589140,H2016,2020-08,23,1265817.76,55035.5547826087
1275032096,97153,2023-12,39,2041544.4,52347.2923076923
1861568107,H0019,2022-07,18,916488.34,50916.01888888889
1932589140,H2016,2021-01,21,1068470.0,50879.52380952381
1790539435,S5140,2024-10,24,1210423.52,50434.31333333333
1790539435,S5140,2024-11,21,1015581.7,48361.03333333333
1003459710,S9484,2023-05,17,800668.5,47098.14705882353
1235540212,H2020,2024-01,22,1035660.0,47075.454545454544
1790539435,S5140,2024-09,26,1217850.09,46840.38807692308
1932589140,H2016,2024-05,17,783957.6,46115.15294117647
1700434701,97153,2023-05,25,1129856.0,45194.24
1124595764,T2016,2023-07,65,2857791.72,43966.026461538466
1861568107,H0019,2023-10,23,1005951.55,43737.02391304348
1861568107,H0019,2023-12,23,1004151.55,43658.76304347826
1275554362,97530,2018-02,18,773373.72,42965.206666666665
1124595764,T2016,2024-06,73,3126626.93,42830.50589041096
1124595764,T2016,2023-12,65,2783035.86,42815.936307692304
1235540212,H2020,2023-12,26,1106180.0,42545.38461538462
1861568107,H0019,2023-11,23,973501.5,42326.15217391304
1700434701,97153,2023-09,24,1004096.0,41837.333333333336
1790539435,S5140,2024-08,27,1119124.88,41449.06962962962
1275032096,97153,2023-05,36,1488896.0,41358.22222222222
1093340606,H2027,2022-08,22,906960.88,41225.494545454545
1437801412,T2016,2024-08,19,779469.93,41024.73315789474
1619400058,T1000,2022-12,26,1061687.88,40834.149230769224
1255694451,T2046,2023-11,31,1258041.87,40581.99580645162
1851654909,H2016,2024-09,34,1377307.76,40509.05176470588
1851654909,H2016,2023-08,24,964494.4,40187.26666666667
1104574169,T2016,2024-06,47,1871257.55,39813.99042553191
1700434701,97153,2023-10,26,1029344.0,39590.153846153844
1962763375,S9123,2020-08,23,905784.72,39381.94434782609
1619400058,T1000,2022-11,24,941922.68,39246.778333333335
1619400058,T1000,2023-10,37,1447520.99,39122.18891891892
1821610080,H2027,2021-08,22,860684.47,39122.02136363636
1932589140,H2016,2021-12,27,1051836.4,38956.9037037037
1700434701,97153,2023-03,24,926720.0,38613.333333333336
1861568107,H0019,2024-01,24,925937.25,38580.71875
1619400058,T1000,2023-08,32,1228208.57,38381.5178125
1932589140,H2016,2024-09,22,844284.36,38376.56181818182
1912426859,T2016,2024-08,21,800640.79,38125.751904761906
1396390811,T2016,2024-04,21,797437.11,37973.19571428571
1003459710,S9484,2024-03,22,833078.22,37867.19181818182
1619400058,T1000,2023-07,32,1209877.92,37808.685
1619400058,T1000,2023-03,26,982888.77,37803.41423076923
1124595764,T2016,2022-08,52,1958042.25,37654.658653846156
1619400058,T1000,2024-03,36,1354046.35,37612.398611111115
1619400058,T1000,2024-05,33,1239929.64,37573.62545454545
1861568107,H0019,2024-03,25,936780.45,37471.218
1619400058,T1000,2022-08,21,786821.95,37467.711904761905
1619400058,T1000,2023-11,37,1385937.67,37457.77486486486
1700434701,97153,2023-08,26,969728.0,37297.230769230766
1083852511,T2016,2022-06,22,815548.68,37070.39454545455
1861568107,H0019,2024-10,29,1073528.45,37018.222413793104
1619400058,T1000,2024-01,37,1367408.73,36956.9927027027
1861568107,H0019,2024-08,28,1033336.85,36904.8875
1619400058,T1000,2022-10,21,774682.21,36889.62904761905
1861568107,H0019,2024-05,25,921002.45,36840.098
1447745112,T2016,2024-04,34,1246533.04,36662.736470588236
1447745112,T2016,2024-07,34,1245883.85,36643.64264705883
1447745112,T2016,2024-09,35,1281922.9,36626.36857142857
1447745112,T2016,2023-07,37,1350177.08,36491.27243243244
1861568107,H0019,2024-07,28,1020601.3,36450.04642857143
1700434701,97153,2023-04,23,837120.0,36396.52173913043
1447745112,T2016,2023-10,36,1308833.84,36356.49555555556
1619400058,T1000,2023-09,34,1234465.56,36307.8105882353
1861568107,H0019,2024-04,26,939408.5,36131.096153846156
1619400058,T1000,2024-04,35,1263852.74,36110.078285714284
1497387708,T2016,2024-08,23,830258.49,36098.1952173913
1619400058,T1000,2024-09,22,790012.97,35909.68045454545
1104574169,T2016,2023-12,43,1539434.83,35800.810000000005
1861568107,H0019,2024-09,29,1036259.3,35733.07931034483
1861568107,H0019,2024-06,27,963748.5,35694.38888888889
1275032096,97153,2023-08,43,1534262.0,35680.51162790698
1811473291,T2016,2024-03,25,891106.45,35644.258
1619400058,T1000,2024-08,22,784125.47,35642.06681818182
1942403092,H0019,2023-12,25,890446.45,35617.858
1447745112,T2016,2023-12,35,1240330.12,35438.00342857143
1811473291,T2016,2023-07,25,884788.15,35391.526
1497387708,T2016,2024-11,22,778364.77,35380.21681818182
1619400058,T1000,2023-05,31,1093629.63,35278.37516129032
1619400058,T1000,2023-12,37,1303529.62,35230.530270270276
1932589140,H2016,2022-03,28,986226.24,35222.36571428571
1124595764,T2016,2024-07,74,2604942.73,35201.928783783784
1619400058,T1000,2024-02,36,1266705.76,35186.27111111111
1932589140,H2016,2023-08,22,772629.82,35119.53727272727
1124595764,T2016,2024-05,69,2422703.18,35111.64028985507
1447745112,T2016,2023-05,37,1298902.75,35105.47972972973
1942403092,H0019,2023-10,25,874891.25,34995.65
1619400058,T1000,2023-04,28,979472.01,34981.143214285716
1811473291,T2016,2023-10,26,906220.78,34854.64538461539
1861568107,H0019,2023-07,22,766192.59,34826.935909090906
1083743678,T2016,2024-10,33,1147825.09,34782.57848484849
1811473291,T2016,2023-04,25,867186.41,34687.4564
1104574169,T2016,2023-01,28,969173.44,34613.33714285714
1861568107,H0019,2024-11,31,1071745.3,34572.429032258064
1083743678,T2016,2023-10,29,1001280.35,34526.90862068965
1083743678,T2016,2024-09,33,1138810.0,34509.393939393936
1811473291,T2016,2024-06,29,999381.43,34461.42862068966
1619400058,T1000,2023-01,25,860449.47,34417.9788
1083743678,T2016,2024-08,32,1097541.95,34298.1859375
1811473291,T2016,2024-09,30,1028071.56,34269.052
1861568107,H0019,2024-02,25,853798.55,34151.942
1124595764,T2016,2021-08,43,1464818.93,34065.5565116279
1083743678,T2016,2024-07,31,1056029.61,34065.47129032258
1124595764,T2016,2024-11,73,2482560.92,34007.68383561644
1083743678,T2016,2024-11,33,1120813.59,33964.04818181819
1124595764,T2016,2020-08,37,1255059.9,33920.53783783784
1124595764,T2016,2022-12,57,1932469.16,33902.96771929824
1124595764,T2016,2024-03,67,2270229.2,33884.017910447765
1811473291,T2016,2023-12,26,876808.29,33723.395769230774
1083743678,T2016,2023-01,30,1009433.95,33647.79833333333
1861568107,H0019,2023-09,23,773572.55,33633.58913043478
1083743678,T2016,2023-11,32,1072831.3,33525.978125
1083743678,T2016,2022-12,29,972139.75,33522.06034482759
1447745112,T2016,2023-01,35,1170996.99,33457.05685714286
1124595764,T2016,2024-10,74,2468423.52,33357.0745945946
1942403092,H0019,2023-11,25,833713.5,33348.54
1083743678,T2016,2023-07,32,1062958.67,33217.4584375
1811386451,T2016,2024-10,29,962992.37,33206.63344827586
1447745112,T2016,2022-10,33,1094936.0,33179.878787878784
1104574169,T2016,2023-04,32,1058309.29,33072.1653125
1811386451,T2016,2024-07,25,826667.7,33066.708
1083743678,T2016,2022-10,30,989613.42,32987.114
1619400058,T1000,2023-02,27,889084.89,32929.07
1447745112,T2016,2022-08,34,1118276.95,32890.498529411765
1083743678,T2016,2023-09,31,1018474.75,32854.02419354839
1083743678,T2016,2024-01,28,919905.91,32853.7825
1083743678,T2016,2023-08,29,952741.52,32853.15586206897
1083743678,T2016,2023-05,29,951830.35,32821.73620689655
1124595764,T2016,2023-01,57,1868984.18,32789.196140350876
1083743678,T2016,2024-03,34,1112335.24,32715.742352941175
1104574169,T2016,2023-07,39,1275110.84,32695.149743589747
1083743678,T2016,2023-03,29,946247.03,32629.207931034485
1083743678,T2016,2022-11,30,978708.78,32623.626
1982757688,T2016,2024-05,30,977448.57,32581.619
1083743678,T2016,2023-06,29,942087.69,32485.782413793102
1124595764,T2016,2021-03,40,1293746.74,32343.6685
1932589140,H2016,2023-10,25,805096.16,32203.846400000002
1184114548,T2016,2024-11,29,933103.23,32175.97344827586
1356709976,T2033,2024-03,28,900436.27,32158.438214285714
1619400058,T1000,2023-06,33,1061068.75,32153.598484848484
1083743678,T2016,2023-12,31,996275.37,32137.915161290322
1932589140,H2016,2023-12,25,802361.5,32094.46
1982757688,T2016,2024-08,30,962446.36,32081.54533333333
1184114548,T2016,2024-06,28,895581.33,31985.047499999997
1184114548,T2016,2024-08,27,862884.74,31958.694074074072
1447745112,T2016,2020-03,30,958039.66,31934.655333333336
1124260427,T2016,2022-06,24,765593.35,31899.722916666666
1619400058,T1000,2024-06,26,828875.14,31879.813076923077
1982757688,T2016,2024-09,31,987934.32,31868.849032258062
1124595764,T2016,2023-11,64,2039021.89,31859.71703125
1083743678,T2016,2022-07,28,891520.8,31840.028571428575
1811386451,T2016,2024-11,30,954354.6,31811.82
1083743678,T2016,2022-08,25,794956.04,31798.2416
1083743678,T2016,2023-04,29,921719.9,31783.44482758621
1255694451,T2046,2023-10,37,1169810.87,31616.510000000002
1790539435,S5140,2024-07,28,884724.21,31597.293214285713
1447745112,T2016,2022-05,35,1105421.21,31583.46314285714
1083743678,T2016,2024-06,31,977640.15,31536.779032258066
1104574169,T2016,2023-10,42,1323073.01,31501.738333333335
1184114548,T2016,2024-03,26,818783.83,31491.685769230768
1124595764,T2016,2021-12,45,1413478.38,31410.630666666664
1124595764,T2016,2023-09,63,1978660.26,31407.305714285714
1619400058,T1000,2024-10,29,910702.2,31403.524137931032
1124595764,T2016,2023-04,58,1820376.04,31385.79379310345
1083743678,T2016,2024-05,33,1035451.62,31377.32181818182
1356709976,T2033,2024-06,30,938520.27,31284.009000000002
1104574169,T2016,2024-05,49,1532848.63,31282.625102040813
1982757688,T2016,2023-07,27,843779.93,31251.108518518522
1356709976,T2033,2024-05,30,937019.84,31233.994666666666
1447745112,T2016,2024-06,34,1058409.21,31129.682647058824
1356709976,T2033,2023-07,27,840111.65,31115.246296296296
1447745112,T2016,2024-10,34,1057643.01,31107.147352941178
1356709976,T2033,2024-01,29,897891.49,30961.775517241378
1215473558,T1002,2024-05,80,2465976.25,30824.703125
1619400058,T1000,2024-07,25,769708.41,30788.3364
1932589140,H2016,2021-03,27,818784.26,30325.342962962965
1356709976,T2033,2023-09,28,848717.07,30311.323928571426
1356709976,T2033,2023-08,29,878387.52,30289.224827586208
1356709976,T2033,2023-10,29,876766.91,30233.341724137932
1356709976,T2033,2023-12,30,900935.26,30031.175333333333
1356709976,T2033,2023-01,27,806173.86,29858.29111111111
1356709976,T2033,2023-07,28,835888.73,29853.168928571427
1356709976,T2033,2022-12,27,803993.91,29777.552222222224
1255694451,T2046,2023-07,46,1353111.1,29415.458695652174
1497172803,T1020,2024-01,64,1881681.57,29401.27453125
1356709976,T2033,2024-04,29,852482.53,29395.94931034483
1356709976,T2033,2024-01,29,851582.72,29364.921379310344
1356709976,T2033,2023-11,29,844828.73,29132.025172413792
1356709976,T2033,2024-03,29,844081.88,29106.271724137932
1255694451,T2046,2023-12,34,989440.04,29101.177647058823
1003403221,T1020,2024-03,32,927773.71,28992.9284375
1003403221,T1020,2024-07,32,927530.36,28985.32375
1215473558,T1002,2024-04,83,2404016.25,28964.051204819276
1003403221,T1020,2023-10,27,780472.95,28906.405555555553
1003403221,T1020,2024-05,32,924792.65,28899.7703125
1356709976,T2033,2024-05,31,895381.64,28883.27870967742
1356709976,T2033,2023-03,27,779350.57,28864.835925925923
1356709976,T2033,2023-08,28,806661.89,28809.353214285715
1003403221,T1020,2023-08,30,858999.98,28633.332666666665
1003403221,T1020,2023-12,30,858999.98,28633.332666666665
1497172803,T1020,2024-03,65,1859838.88,28612.905846153844
1023464401,H2016,2024-10,41,1173115.76,28612.579512195123
1003403221,T1020,2023-07,29,829257.65,28595.091379310346
1497172803,T1020,2024-06,66,1874941.73,28408.20803030303
1356709976,T2033,2023-04,27,765985.39,28369.82925925926
1356709976,T2033,2023-10,29,821590.93,28330.721724137933
1003403221,T1020,2024-10,34,963200.12,28329.415294117647
1003403221,T1020,2024-11,34,960545.4,28251.33529411765
1356709976,T2033,2023-12,30,846379.98,28212.666
1790297547,H0035,2019-07,29,817736.28,28197.80275862069
1003403221,T1020,2024-09,33,929068.8,28153.600000000002
1497172803,T1020,2023-10,62,1743023.15,28113.276612903224
1003403221,T1020,2024-08,32,899605.6,28112.675
1497172803,T1020,2023-11,61,1707934.13,27998.920163934425
1356709976,T2033,2024-04,30,839111.56,27970.385333333335
1356709976,T2033,2024-02,28,782735.06,27954.823571428573
1497172803,T1020,2024-07,64,1782383.26,27849.7384375
1003403221,T1020,2024-04,33,918815.7,27842.899999999998
1497172803,T1020,2024-09,60,1669740.74,27829.012333333332
1023464401,H2016,2024-08,41,1140421.88,27815.167804878045
1225205354,T1003,2021-10,30,834346.4,27811.54666666667
1104956390,H2016,2023-12,46,1278608.8,27795.84347826087
1356709976,T2033,2023-11,30,833049.04,27768.301333333333
1497172803,T1020,2023-12,66,1832071.76,27758.66303030303
1023464401,H2016,2024-05,41,1136878.6,27728.74634146342
1003403221,T1020,2023-09,30,831276.4,27709.213333333333
1003403221,T1020,2023-11,30,831276.4,27709.213333333333
1497172803,T1020,2023-08,68,1881096.49,27663.183676470588
1003403221,T1020,2024-01,31,856464.62,27627.890967741936
1356709976,T2033,2024-02,29,799600.24,27572.422068965516
1003403221,T1020,2024-06,32,880677.3,27521.165625
1356709976,T2033,2024-06,30,821433.55,27381.118333333336
1356709976,T2033,2023-09,29,791576.86,27295.75379310345
1497172803,T1020,2024-08,64,1745948.28,27280.441875
1497172803,T1020,2024-05,66,1795379.55,27202.720454545455
1497172803,T1020,2024-04,62,1680700.33,27108.069838709678
1003403221,T1020,2024-02,31,837461.51,27014.88741935484
1497172803,T1020,2024-10,60,1619524.92,26992.082
1497172803,T1020,2023-07,67,1807562.47,26978.54432835821
1215473558,T1002,2024-03,82,2204813.91,26887.974512195124
1407271174,T2033,2024-10,47,1243038.1,26447.619148936174
1376088724,H0018,2019-02,30,789923.38,26330.779333333332
1497172803,T1020,2023-09,65,1703888.52,26213.669538461538
1225205354,T1003,2024-03,41,1072582.71,26160.553902439024
1225205354,T1003,2023-10,35,914358.64,26124.532571428572
1225205354,T1003,2023-12,36,937282.5,26035.625
1417671967,H0020,2024-09,111,2824900.0,25449.54954954955
1528174349,S5140,2024-06,62,1568739.11,25302.24370967742
1497172803,T1020,2024-02,65,1631685.6,25102.855384615385
1790443216,H2017,2022-12,59,1474570.9,24992.727118644067
1417671967,H0020,2024-03,114,2829140.0,24817.01754385965
1497172803,T1020,2024-11,61,1508353.22,24727.101967213115
1528174349,S5140,2024-05,66,1622144.59,24577.948333333334
1417671967,H0020,2024-08,115,2798400.0,24333.91304347826
1275119570,T1002,2024-08,41,996834.71,24313.041707317072
1528174349,S5140,2024-07,63,1530104.01,24287.365238095237
1275119570,T1002,2024-10,45,1088925.37,24198.34155555556
1407271174,T2033,2024-09,48,1160672.25,24180.671875
1417671967,H0020,2024-05,113,2719960.0,24070.442477876106
1417671967,H0020,2024-11,58,1387540.0,23923.103448275862
1427336791,99212,2022-02,44,1050794.65,23881.69659090909
1528174349,S5140,2024-03,67,1597323.6,23840.650746268657
1275119570,T1002,2024-09,41,974181.16,23760.516097560976
1528174349,S5140,2024-01,68,1610883.05,23689.456617647058
1417671967,H0020,2024-06,111,2627740.0,23673.333333333332
1528174349,S5140,2024-04,67,1567396.7,23393.980597014925
1275119570,T1002,2024-04,34,794791.51,23376.22088235294
1417099789,S9484,2023-11,158,3622255.35,22925.6667721519
1275119570,T1002,2024-06,39,893908.14,22920.721538461537
1528174349,S5140,2023-10,69,1576467.08,22847.348985507248
1417671967,H0020,2024-04,114,2592760.0,22743.508771929824
1417671967,H0020,2024-07,111,2514320.0,22651.53153153153
1134710379,T1016,2023-03,97,2191224.13,22589.93948453608
1417099789,S9484,2023-09,175,3946165.06,22549.51462857143
1255694451,T2046,2023-09,45,1013854.01,22530.089111111112
1528174349,S5140,2023-12,68,1527657.0,22465.54411764706
1275119570,T1002,2024-07,42,943358.93,22460.926904761905
1275119570,T1002,2024-03,40,887697.07,22192.42675
1700901725,A0130,2019-04,74,1634567.46,22088.749459459457
1457897647,H0010,2020-12,37,814624.5,22016.87837837838
1528174349,S5140,2023-11,67,1470762.69,21951.681940298506
1528174349,S5140,2024-02,67,1459333.57,21781.098059701493
1417099789,S9484,2023-08,189,4104529.11,21717.08523809524
1164948220,T2046,2018-09,43,930817.35,21646.91511627907
1528174349,S5140,2023-09,69,1477621.78,21414.808405797103
1528174349,S5140,2023-08,67,1434558.58,21411.32208955224
1932859600,T1016,2022-12,42,896187.26,21337.791904761903
1417671967,H0020,2024-01,107,2258860.0,21110.841121495327
1417099789,S9484,2023-10,186,3920717.93,21079.12865591398
1427336791,99212,2022-03,43,900888.45,20950.89418604651
1417099789,S9484,2023-07,196,4045853.42,20642.109285714287
1417671967,H0020,2024-02,107,2194200.0,20506.542056074766
1194451989,T1016,2022-11,60,1219198.3,20319.971666666668
1457897647,H0010,2020-11,44,879830.6,19996.149999999998
1134710379,T1016,2023-04,98,1951119.0,19909.377551020407
1194261594,H0020,2023-01,82,1630904.0,19889.073170731706
1134680820,T1016,2021-05,45,893687.04,19859.712
1194261594,H0020,2022-08,72,1428840.0,19845.0
1790443216,H2017,2023-02,56,1103415.22,19703.843214285713
1790443216,H2017,2022-04,58,1137514.41,19612.317413793102
1417671967,H0020,2023-04,84,1642110.0,19548.928571428572
1417671967,H0020,2023-06,83,1612802.0,19431.349397590362
1790443216,H2017,2022-07,87,1689452.19,19418.990689655173
1417099789,S9484,2024-09,177,3434264.32,19402.62327683616
1417671967,H0020,2023-12,101,1957602.0,19382.19801980198
1417671967,H0020,2023-05,83,1599010.0,19265.180722891568
1194261594,H0020,2022-12,81,1553580.0,19180.0
1790443216,H2017,2023-01,69,1316069.1,19073.465217391305
1417099789,S9484,2023-12,184,3507945.52,19064.921304347827
1669155362,H0018,2024-10,63,1194259.0,18956.492063492064
1417671967,H0020,2023-08,89,1677452.0,18847.775280898877
1255694451,T2046,2023-08,53,996497.3,18801.835849056606
1417671967,H0020,2023-07,90,1686934.0,18743.71111111111
1194261594,H0020,2022-07,72,1343790.0,18663.75
1417671967,H0020,2023-09,84,1562806.0,18604.833333333332
1255943569,H0018,2024-05,52,962022.0,18500.423076923078
1417671967,H0020,2023-11,98,1799856.0,18365.877551020407
1417099789,S9484,2024-01,181,3313387.73,18306.00955801105
1992433627,A0425,2024-07,47,860257.44,18303.34978723404
1790443216,H2017,2022-09,65,1189707.57,18303.193384615384
1790443216,H2017,2023-03,64,1149731.2,17964.55
1104348556,S5125,2023-01,46,811273.38,17636.377826086955
1104348556,S5125,2023-05,45,773939.94,17198.66533333333
1992708176,H2036,2023-06,45,773517.08,17189.268444444442
1265727291,S5125,2021-10,45,772779.13,17172.869555555557
1104348556,S5125,2022-12,46,788607.95,17143.65108695652
1790443216,H2017,2022-05,72,1232289.63,17115.133749999997
1104348556,S5125,2023-04,46,781403.39,16987.030217391304
1104348556,S5125,2023-03,46,767564.89,16686.193260869564
1700901725,A0100,2019-04,1214,19924842.66,16412.555733113673
1790443216,H2017,2022-06,76,1223053.2,16092.805263157894
1265782395,S5125,2023-04,160,2554531.12,15965.819500000001
1891293056,S5125,2023-01,94,1488514.57,15835.261382978724
1386837367,A0436,2019-01,95,1485664.27,15638.571263157895
1891293056,S5125,2022-12,91,1419929.02,15603.615604395605
1891293056,S5125,2023-05,102,1590491.04,15593.049411764707
1891293056,S5125,2023-03,102,1576118.02,15452.137450980392
1265782395,S5125,2023-01,167,2572087.46,15401.721317365269
1265782395,S5125,2023-06,157,2399094.26,15280.855159235667
1891293056,S5125,2023-06,103,1564472.37,15189.052135922331
1891293056,S5125,2021-10,76,1148807.34,15115.88605263158
1891293056,S5125,2023-04,101,1526496.04,15113.822178217823
1891293056,S5125,2022-11,90,1355910.28,15065.669777777777
1891293056,S5125,2021-12,77,1158178.72,15041.282077922078
1700408622,H2011,2022-12,91,1333806.78,14657.217362637362
1891293056,S5125,2022-01,76,1113408.39,14650.110394736841
1184780629,S5125,2023-05,157,2285716.52,14558.703949044586
1891293056,S5125,2021-11,78,1133150.87,14527.575256410259
1700433885,H2017,2023-03,151,2193079.85,14523.70761589404
1891293056,S5125,2021-09,73,1057401.73,14484.955205479451
1184199473,H2033,2023-01,54,776520.06,14380.001111111113
1184780629,S5125,2023-03,159,2276109.01,14315.151006289307
1891293056,S5125,2023-02,97,1386677.53,14295.644639175258
1891293056,S5125,2022-03,85,1213304.76,14274.173647058824
1184199473,H2017,2023-02,208,2964417.06,14252.005096153847
1366579112,99199,2024-06,158,2248024.0,14228.0
1184780629,S5125,2022-12,159,2230266.59,14026.833899371068
1649991902,H2017,2022-12,117,1640441.06,14020.863760683762
1184780629,S5125,2023-01,161,2255515.87,14009.415341614907
1184780629,S5125,2023-06,159,2211281.93,13907.43352201258
1306342571,A0100,2024-11,72,994497.28,13812.462222222222
1275651267,99199,2024-10,70,964530.0,13779.0
1275651267,99199,2024-09,69,949164.0,13756.0
1275651267,99199,2024-11,69,941732.0,13648.289855072464
1306342571,A0100,2024-07,66,898729.76,13617.117575757577
1619543642,S5125,2023-08,58,789523.47,13612.473620689654
1184780629,S5125,2023-04,160,2171981.59,13574.884937499999
1184780629,S5125,2022-10,160,2166976.2,13543.601250000002
1447406111,E1399,2022-06,66,890605.7,13494.025757575757
1124779962,H2017,2022-10,97,1308436.55,13489.036597938144
1396049987,H2015,2024-01,71,948443.1,13358.35352112676
1891293056,S5125,2022-02,80,1068591.24,13357.3905
1184780629,S5125,2022-11,160,2128817.44,13305.109
1255496220,S5125,2023-03,169,2237064.51,13237.068106508874
1265782395,S5125,2023-05,160,2117837.32,13236.48325
1891293056,S5125,2022-10,95,1246526.94,13121.336210526315
1306342571,A0100,2024-10,76,994127.52,13080.625263157895
1194318097,H2014,2022-02,106,1384024.9,13056.838679245282
1043531361,W1793,2022-10,74,964010.04,13027.162702702703
1265782395,S5125,2022-01,160,2080078.62,13000.491375000001
1043622970,H2015,2022-07,61,789966.7,12950.273770491802
1568100865,H2014,2023-04,90,1164655.42,12940.615777777777
1306342571,A0100,2024-12,67,864825.52,12907.843582089552
1255496220,S5125,2023-01,169,2176294.6,12877.482840236687
1619543642,S5125,2023-09,64,823002.77,12859.41828125
1255496220,S5125,2022-12,166,2128909.22,12824.754337349399
1306342571,A0100,2024-08,69,884192.64,12814.386086956521
1184780629,S5125,2022-03,148,1891514.93,12780.506283783783
1255496220,S5125,2023-05,171,2181363.73,12756.513040935672
1265782395,S5125,2023-03,164,2091355.3,12752.166463414635
1306342571,A0100,2024-01,66,841514.08,12750.213333333333
1306342571,A0100,2024-05,63,802891.04,12744.302222222223
1700901725,A0130,2019-05,98,1247557.24,12730.175918367348
1265782395,S5125,2022-10,178,2253668.07,12661.056573033708
1194318097,H2014,2022-03,100,1258883.72,12588.8372
1265782395,S5125,2021-10,159,1999297.31,12574.196918238995
1265782395,S5125,2023-02,166,2078070.44,12518.496626506023
1396049987,H2015,2022-08,173,2164105.44,12509.279999999999
1184780629,S5125,2023-02,163,2033418.64,12474.960981595092
1255496220,S5125,2023-04,169,2108059.32,12473.723786982247
1184780629,S5125,2022-01,147,1814722.44,12345.050612244897
1134317498,H0044,2023-04,122,1505848.49,12343.020409836066
1396049987,H2015,2023-12,72,885919.17,12304.432916666667
1255496220,S5125,2023-06,168,2057544.82,12247.290595238095
1396049987,H2015,2022-11,174,2126925.08,12223.70735632184
1699896316,S5125,2023-05,240,2917792.5,12157.46875
1265782395,S5125,2022-12,178,2152823.56,12094.514382022473
1265782395,S5125,2022-03,168,2031242.31,12090.728035714286
1396049987,H2015,2022-07,164,1981767.72,12083.949512195122
1396049987,H2015,2024-02,66,795566.67,12054.040454545455
1699896316,S5125,2023-03,243,2925119.93,12037.530576131689
1255496220,S5125,2022-11,172,2063349.8,11996.21976744186
1306342571,A0100,2024-03,66,791553.52,11993.235151515151
1396049987,H2015,2023-07,100,1197331.8,11973.318000000001
1891293056,S5125,2024-10,107,1276007.82,11925.306728971964
1265782395,S5125,2022-11,176,2097688.32,11918.683636363636
1306342571,A0100,2024-02,67,797777.28,11907.123582089553
1699896316,S5125,2023-01,249,2958899.22,11883.129397590363
1396049987,H2015,2023-03,123,1458770.68,11859.924227642276
1457897647,H0010,2021-01,88,1042373.06,11845.148409090909
1699896316,S5125,2023-06,234,2768242.08,11830.09435897436
1396049987,H2015,2023-05,127,1496920.64,11786.776692913385
1063798031,T2012,2023-12,67,789672.2,11786.15223880597
1821100942,T2012,2023-10,68,800447.73,11771.290147058824
1306342571,A0100,2024-09,73,855114.88,11713.902465753425
1699896316,S5125,2023-04,242,2822329.28,11662.517685950412
1184780629,S5125,2021-10,206,2399048.44,11645.866213592233
1699896316,S5125,2022-10,260,3026104.96,11638.86523076923
1255496220,S5125,2022-03,168,1953246.46,11626.467023809524
1255496220,S5125,2022-01,172,1989996.84,11569.749069767442
1184780629,S5125,2021-11,195,2254045.04,11559.205333333333
1821100942,T2012,2023-08,69,796992.96,11550.622608695652
1417099789,H2015,2018-01,126,1451033.75,11516.140873015873
1255496220,S5125,2023-02,169,1943294.93,11498.786568047337
1699896316,S5125,2022-12,257,2953396.91,11491.816770428017
1255923827,T1019,2024-06,109,1246908.25,11439.525229357798
1255496220,S5125,2021-12,175,1998018.68,11417.2496
1194815837,H2015,2022-07,127,1449387.72,11412.501732283465
1306342571,A0100,2023-12,68,775270.08,11401.030588235293
1184780629,S5125,2021-12,193,2198665.33,11392.048341968912
1396049987,H2015,2022-08,2336,26579241.6,11378.1
1184780629,S5125,2021-09,209,2373698.03,11357.406842105262
1184780629,S5125,2024-10,158,1793708.21,11352.583607594937
1255496220,S5125,2021-10,187,2121084.99,11342.700481283424
1255923827,T1019,2024-08,119,1348997.04,11336.109579831933
1396049987,H2015,2023-11,78,881220.84,11297.703076923077
1255496220,S5125,2022-10,172,1941710.77,11289.016104651162
1255496220,S5125,2021-09,188,2121526.57,11284.715797872339
1396049987,H2015,2023-06,116,1308704.15,11281.932327586206
1184780629,S5125,2022-02,150,1692254.29,11281.695266666668
1265782395,S5125,2024-03,154,1734202.47,11261.055
1265782395,S5125,2024-09,150,1688091.1,11253.940666666667
1306342571,A0100,2024-04,73,821274.88,11250.340821917809
1396049987,H2015,2022-11,2288,25707724.36,11235.893513986013
1396049987,H2015,2023-08,97,1087810.96,11214.545979381443
1255923827,T1019,2024-11,111,1243203.08,11200.027747747748
1699896316,S5125,2022-11,258,2886754.47,11188.970813953489
1710176151,S5126,2023-07,158,1760209.74,11140.567974683545
1710176151,S5126,2023-08,164,1821982.22,11109.647682926829
1265782395,S5125,2023-10,155,1720696.37,11101.266903225807
1265782395,S5125,2023-12,152,1685269.02,11087.296184210527
1396049987,H2015,2022-09,175,1933031.24,11045.8928
1255496220,S5125,2021-11,182,2000586.53,10992.233681318681
1396049987,H2015,2023-01,139,1527124.96,10986.510503597123
1699356683,T1015,2024-04,106,1160870.52,10951.608679245282
1710176151,S5126,2023-10,169,1849932.81,10946.34798816568
1699356683,T1015,2024-08,114,1246197.41,10931.556228070174
1710176151,S5126,2023-12,176,1917462.51,10894.673352272728
1891293056,S5125,2024-05,102,1110349.84,10885.78274509804
1710176151,S5126,2023-11,166,1806844.42,10884.604939759036
1710176151,S5126,2023-01,166,1806506.2,10882.567469879517
1699356683,T1015,2024-03,107,1164110.71,10879.539345794392
1265782395,S5125,2021-12,159,1728650.12,10872.013333333334
1184780629,S5125,2024-11,151,1641618.84,10871.647947019868
1710176151,S5126,2023-05,159,1724611.44,10846.612830188678
1699896316,S5125,2021-10,255,2760954.11,10827.271019607842
1265782395,S5125,2022-02,159,1719698.96,10815.716729559748
1699896316,S5125,2023-02,246,2659264.92,10810.02
1699356683,T1015,2024-05,112,1210377.44,10806.941428571428
1891293056,S5125,2023-10,98,1054858.19,10763.859081632652
1265782395,S5125,2024-06,155,1666188.45,10749.602903225807
1710176151,S5126,2022-12,165,1770648.23,10731.201393939395
1619166741,T2020,2022-05,102,1094175.07,10727.20656862745
1396049987,H2015,2022-05,147,1575871.44,10720.21387755102
1265782395,S5125,2024-11,145,1554398.29,10719.988206896553
1710176151,S5126,2023-03,162,1734346.53,10705.842777777778
1891293056,S5125,2024-01,99,1059514.03,10702.16191919192
1265782395,S5125,2021-11,156,1663371.25,10662.636217948719
1891293056,S5125,2024-03,101,1075375.37,10647.28089108911
1234567811,H2036,2021-12,95,1010025.68,10631.849263157896
1234567811,H2036,2022-03,91,966262.59,10618.27021978022
1699356683,T1015,2024-01,100,1061147.93,10611.479299999999
1255496220,S5125,2022-02,169,1793080.63,10609.944556213017
1396049987,H2015,2022-09,2323,24627493.48,10601.589961256996
1396049987,H2015,2022-06,157,1664181.0,10599.878980891719
1699356683,T1015,2024-06,126,1333046.86,10579.736984126985
1265782395,S5125,2021-09,149,1572181.83,10551.555906040268
1255923827,T1019,2023-12,92,970286.14,10546.58847826087
1891293056,S5125,2023-11,97,1019662.97,10511.989381443298
1699896316,S5125,2022-03,280,2941653.48,10505.905285714285
1699356683,T1015,2024-10,127,1333111.73,10496.942755905511
1699356683,T1015,2024-02,103,1079127.91,10476.97
1891293056,S5125,2023-08,101,1057385.97,10469.16801980198
1891293056,S5125,2024-07,105,1097022.47,10447.833047619048
1699896316,S5125,2022-01,288,3005782.94,10436.746319444444
1891293056,S5125,2024-06,103,1072966.22,10417.14776699029
1740288505,99283,2023-09,127,1321548.91,10405.896929133858
1699356683,T1015,2024-07,119,1234600.92,10374.797647058824
1750354619,T1019,2024-03,97,1005654.4,10367.571134020618
1255923827,T1019,2024-05,109,1127676.58,10345.656697247707
1992708176,H2036,2024-02,76,785715.0,10338.355263157895
1891293056,S5125,2024-04,101,1044036.11,10336.99118811881
1699896316,S5125,2021-11,255,2634893.88,10332.917176470588
1255923827,T1019,2023-09,90,929789.84,10330.998222222222
1619166741,T2020,2022-07,82,844648.81,10300.59524390244
1255496220,S5125,2021-05,192,1974622.66,10284.493020833334
1891293056,S5125,2023-07,103,1058065.23,10272.477961165048
1891293056,S5125,2024-08,104,1067562.34,10265.022500000001
1891293056,S5125,2023-09,100,1026225.55,10262.255500000001
1699896316,S5125,2021-09,260,2665922.85,10253.549423076924
1265782395,S5125,2024-10,149,1527710.23,10253.08879194631
1234567811,H2036,2022-04,92,942314.61,10242.550108695652
1255923827,T1019,2024-03,102,1043509.42,10230.484509803922
1750354619,T1019,2024-06,92,936959.16,10184.338695652174
1184780629,S5125,2021-08,211,2146924.44,10174.997345971564
1255496220,S5125,2021-08,189,1922530.52,10172.119153439153
1265782395,S5125,2022-07,176,1789542.23,10167.853579545454
1891293056,S5125,2024-11,103,1044091.63,10136.811941747574
1891293056,S5125,2024-09,104,1053289.44,10127.783076923077
1699896316,S5125,2024-10,221,2236972.87,10122.049185520362
1891293056,S5125,2023-12,102,1031131.15,10109.128921568628
1306342571,A0100,2023-10,76,767910.48,10104.085263157895
1184780629,S5125,2021-05,216,2182078.14,10102.213611111112
1619166741,T2020,2022-03,77,775916.8,10076.84155844156
1184780629,S5125,2021-07,211,2122591.32,10059.674502369668
1265782395,S5125,2022-05,171,1719938.88,10058.122105263157
1891293056,S5125,2022-09,92,923814.67,10041.463804347826
1255496220,S5125,2021-04,196,1965310.77,10027.095765306123
1891293056,S5125,2022-05,94,940835.16,10008.884680851064
1184780629,S5125,2021-04,218,2178258.08,9992.009541284404
1891293056,S5125,2022-08,91,906770.56,9964.511648351649
1184780629,S5125,2024-08,161,1603967.84,9962.533167701864
1184780629,S5125,2024-05,159,1581514.25,9946.630503144654
1891293056,S5125,2022-07,92,914905.65,9944.626630434783
1184780629,S5125,2023-10,158,1570228.91,9938.157658227847
1184780629,S5125,2024-01,159,1579129.21,9931.630251572327
1255496220,S5125,2024-10,156,1549146.49,9930.426217948718
1891293056,S5125,2022-06,92,910231.09,9893.816195652174
1255496220,S5125,2021-07,191,1881395.88,9850.240209424082
1699356683,T1015,2024-09,122,1201037.6,9844.570491803279
1699896316,S5125,2024-11,224,2198525.59,9814.84638392857
1184780629,S5125,2023-08,161,1578007.49,9801.288757763976
1750354619,T1019,2024-08,92,900159.73,9784.344891304348
1891293056,S5125,2022-04,89,870617.74,9782.221797752809
1134632599,T1015,2022-08,310,3029396.15,9772.24564516129
1184780629,S5125,2024-03,158,1537839.44,9733.161012658227
1891293056,S5125,2024-02,101,983015.15,9732.823267326732
1234567811,H2036,2021-11,105,1021903.57,9732.414952380952
1184780629,S5125,2023-12,161,1563843.4,9713.31304347826
1184780629,S5125,2024-09,160,1550041.37,9687.758562500001
1255496220,S5125,2021-06,191,1848683.88,9678.973193717276
1184780629,S5125,2023-07,159,1535898.29,9659.737672955975
1255923827,T1019,2024-07,111,1071154.45,9650.04009009009
1265782395,S5125,2023-07,158,1519606.03,9617.759683544304
1750354619,T1019,2024-11,96,920933.07,9593.0528125
1265782395,S5125,2022-09,179,1715322.64,9582.808044692736
1700901725,A0100,2019-05,1580,15126717.25,9573.87167721519
1699896316,S5125,2021-12,284,2718665.43,9572.76559859155
1184780629,S5125,2023-11,160,1531489.9,9571.811875
1750354619,T1019,2023-12,105,1004767.19,9569.211333333333
1184780629,S5125,2024-06,157,1501905.85,9566.279299363057
1255923827,T1019,2024-09,116,1109590.17,9565.432499999999
1790761922,H2036,2023-12,109,1041345.37,9553.627247706421
1255923827,T1019,2024-10,114,1085231.41,9519.573771929823
1992980387,T2020,2024-03,81,770590.04,9513.457283950618
1699356683,T1015,2024-11,128,1215638.37,9497.174765625
1184780629,S5125,2021-06,215,2035275.11,9466.395860465116
1699896316,S5125,2022-02,285,2687082.06,9428.358105263158
1265995435,H0032,2024-10,87,817048.1,9391.357471264368
1184780629,S5125,2024-02,159,1488423.33,9361.153018867924
1184780629,S5125,2024-07,164,1534520.98,9356.835243902438
1184780629,S5125,2023-09,160,1495361.6,9346.01
1184780629,S5125,2024-04,159,1481448.54,9317.28641509434
1184780629,S5125,2022-08,157,1459236.81,9294.501974522293
1255496220,S5125,2024-11,148,1375001.09,9290.547905405407
1255923827,T1019,2023-07,87,803148.85,9231.595977011493
1750354619,T1019,2023-09,89,820863.5,9223.185393258427
1134632599,T1015,2023-03,325,2990142.69,9200.439046153846
1134632599,T1015,2022-10,303,2784436.49,9189.559372937294
1326502865,T1015,2022-03,504,4628702.68,9183.933888888889
1265782395,S5125,2024-01,152,1395930.38,9183.752499999999
1669541538,T2013,2022-12,88,806462.95,9164.351704545454
1134632599,T1015,2022-06,314,2869248.24,9137.733248407643
1265782395,S5125,2024-05,154,1406093.59,9130.477857142858
1265782395,S5125,2024-02,152,1385919.45,9117.891118421052
1699896316,S5125,2024-05,215,1954066.93,9088.683395348837
1699896316,S5125,2024-07,217,1967747.05,9067.958755760368
1750354619,T1019,2024-05,96,870349.33,9066.138854166666
1265782395,S5125,2023-08,157,1421576.26,9054.62585987261
1134632599,T1015,2023-05,317,2867822.99,9046.76022082019
1265782395,S5125,2024-04,154,1392509.06,9042.266623376623
1265782395,S5125,2023-09,157,1419004.58,9038.245732484076
1104901941,T1015,2023-06,109,984156.72,9028.960733944954
1184780629,S5125,2022-09,158,1425585.6,9022.693670886076
1265782395,S5125,2024-07,150,1352405.97,9016.0398
1255923827,T1019,2024-04,107,963675.29,9006.311121495328
1255496220,S5125,2024-03,159,1430116.9,8994.445911949684
1255923827,T1019,2024-02,91,817472.79,8983.217472527473
1699896316,S5125,2024-03,218,1955638.61,8970.819311926605
1255923827,T1019,2024-01,90,806907.4,8965.637777777778
1184780629,S5125,2022-07,156,1395444.73,8945.158525641025
1720145378,T2013,2023-07,164,1462545.8,8917.962195121952
1992582613,T1015,2024-10,194,1729355.83,8914.205309278352
1134632599,T1015,2019-07,205,1822692.9,8891.18487804878
1083932636,T1019,2022-10,148,1314525.0,8881.925675675675
1184780629,S5125,2022-05,150,1332062.22,8880.4148
1104901941,T1015,2023-07,99,879135.0,8880.151515151516
1750354619,T1019,2024-02,97,860894.59,8875.201958762886
1265782395,S5125,2021-08,151,1339994.09,8874.133046357616
1265782395,S5125,2023-11,155,1374017.54,8864.62929032258
1265782395,S5125,2024-08,154,1362460.39,8847.145389610389
1720145378,T2013,2023-08,168,1485343.41,8841.329821428571
1750354619,T1019,2023-03,105,928153.9,8839.560952380953
1255496220,S5125,2024-05,157,1384476.69,8818.322866242037
1699896316,S5125,2024-01,220,1939861.21,8817.550954545455
1184780629,S5125,2022-06,152,1340120.2,8816.580263157894
1255496220,S5125,2024-01,164,1445257.81,8812.54762195122
1750354619,T1019,2024-07,90,792848.93,8809.432555555557
1255923827,T1019,2023-11,90,791270.09,8791.889888888889
1265782395,S5125,2021-05,144,1264847.73,8783.664791666666
1992582613,T1015,2024-11,216,1894998.71,8773.142175925926
1699896316,S5125,2024-06,213,1867638.39,8768.255352112676
1134632599,T1015,2024-05,327,2867095.3,8767.875535168196
1205083672,H0044,2023-07,350,3061841.95,8748.119857142858
1104901941,T1015,2023-08,111,970351.88,8741.90882882883
1699896316,S5125,2024-08,220,1920192.86,8728.149363636365
1255496220,S5125,2024-04,158,1378700.43,8725.952088607595
1255496220,S5125,2024-08,156,1360857.17,8723.443397435896
1326502865,T1015,2022-04,501,4363222.53,8709.027005988024
1134632599,T1015,2022-04,310,2699506.35,8708.085000000001
1255496220,S5125,2024-07,156,1355534.83,8689.325833333334
1699896316,S5125,2023-10,225,1954181.77,8685.252311111111
1699896316,S5125,2023-12,218,1892117.78,8679.439357798165
1326502865,T1015,2022-06,523,4530697.16,8662.90087954111
1699896316,S5125,2024-04,218,1887892.5,8660.05733944954
1134632599,T1015,2022-09,303,2623360.64,8657.95590759076
1063798031,T2013,2023-08,92,795621.7,8648.061956521738
1134632599,T1015,2022-07,316,2730165.18,8639.763227848101
1326502865,T1015,2022-01,462,3989941.21,8636.236385281385
1750354619,T1019,2024-09,91,783662.82,8611.67934065934
1255496220,S5125,2023-10,167,1434918.93,8592.328922155688
1750354619,T1019,2022-10,118,1013875.5,8592.165254237289
1255496220,S5125,2023-12,164,1408481.35,8588.300914634146
1134632599,T1015,2023-04,316,2713248.11,8586.228196202532
1184780629,S5125,2020-05,260,2230954.78,8580.595307692307
1669258133,T1015,2024-08,118,1011247.31,8569.892457627118
1255496220,S5125,2023-08,166,1422595.54,8569.85265060241
1255496220,S5125,2020-05,200,1712851.38,8564.2569
1699896316,S5125,2024-09,217,1857532.18,8560.056129032258
1265782395,S5125,2024-12,142,1214599.52,8553.517746478874
1750354619,T1019,2023-01,110,940781.0,8552.554545454546
1134632599,T1015,2024-10,328,2804872.78,8551.441402439024
1184780629,S5125,2020-07,263,2248248.63,8548.473878326995
1184780629,S5125,2022-04,152,1298947.93,8545.710065789473
1992582613,T1015,2024-09,155,1324111.56,8542.655225806451
1134632599,T1015,2023-01,318,2715764.33,8540.139402515724
1326502865,T1015,2022-08,521,4445134.95,8531.928886756239
1265782395,S5125,2021-01,144,1226272.65,8515.782291666666
1255496220,S5125,2024-06,156,1328072.75,8513.28685897436
1750354619,T1019,2023-06,105,893327.0,8507.87619047619
1750354619,T1019,2023-07,101,857845.0,8493.514851485148
1255496220,S5125,2023-07,167,1417913.06,8490.49736526946
1134632599,T1015,2022-05,317,2690577.94,8487.627570977918
1750354619,T1019,2024-04,97,822453.21,8478.899072164948
1750354619,T1019,2024-10,95,805367.45,8477.552105263158
1134632599,T1015,2019-10,251,2117033.93,8434.39812749004
1104901941,T1015,2023-04,94,790312.62,8407.581063829788
1134632599,T1015,2023-08,309,2597658.42,8406.661553398058
1134632599,T1015,2019-04,230,1927705.12,8381.326608695652
1134632599,T1015,2019-05,225,1881529.08,8362.351466666667
1326502865,T1015,2022-05,517,4314523.26,8345.306112185686
1134632599,T1015,2023-06,323,2695348.94,8344.733560371516
1750354619,T1019,2022-11,117,976099.9,8342.734188034188
1750354619,T1019,2023-04,103,856467.0,8315.213592233009
1720145378,T2013,2023-09,171,1417813.75,8291.308479532163
1134632599,T1015,2022-03,311,2577579.92,8288.038327974276
1326502865,T1015,2022-07,514,4256041.13,8280.235661478599
1134632599,T1015,2019-08,230,1897097.96,8248.252
1134632599,T1015,2024-04,339,2795800.39,8247.198790560473
1750354619,T1019,2024-01,107,880644.73,8230.324579439251
1104901941,T1015,2024-10,158,1299558.84,8225.05594936709
1790994952,T1019,2024-08,298,2449785.23,8220.755805369128
1326502865,T1015,2024-01,710,5821405.96,8199.163323943661
1134632599,T1015,2023-02,322,2639079.79,8195.899968944099
1750354619,T1019,2022-08,122,999072.33,8189.117459016393
1134632599,T1015,2023-07,315,2578938.05,8187.10492063492
1134632599,T1015,2024-08,321,2627299.77,8184.734485981308
1134632599,T1015,2024-07,333,2722450.39,8175.526696696697
1790994952,T1019,2024-05,291,2368646.36,8139.678213058419
1104901941,T1015,2024-02,121,983375.4,8127.069421487604
1992582613,T1015,2024-08,100,810542.9,8105.429
1750354619,T1019,2022-12,116,940063.5,8103.995689655172
1134632599,T1015,2019-06,218,1764484.11,8093.96380733945
1750354619,T1019,2023-05,107,865473.5,8088.5373831775705
1881320711,T1015,2024-01,231,1865031.27,8073.728441558442
1134632599,T1015,2023-10,333,2687995.61,8072.058888888889
1104901941,T1015,2023-03,99,799097.05,8071.687373737374
1134632599,T1015,2024-03,324,2611951.35,8061.578240740741
1104901941,T1015,2024-01,111,891892.68,8035.069189189189
1134632599,T1015,2022-11,306,2457782.98,8031.970522875817
1134632599,T1015,2019-03,232,1859811.57,8016.429181034483
1326502865,T1015,2022-02,494,3958105.19,8012.358684210526
1104901941,T1015,2023-10,115,920338.42,8002.942782608696
1790994952,T1019,2024-03,293,2341946.84,7992.9926279863475
1104901941,T1015,2024-04,153,1220513.0,7977.2091503267975
1326502865,T1015,2024-03,748,5965741.07,7975.589665775401
1326502865,T1015,2022-10,527,4200541.57,7970.667115749527
1326502865,T1015,2023-03,635,5046890.56,7947.859149606298
1326502865,T1015,2024-07,764,6070177.66,7945.258717277487
1326502865,T1015,2024-04,745,5917207.16,7942.559946308725
1134632599,T1015,2018-10,202,1604068.97,7940.935495049504
1790994952,T1019,2024-10,291,2305946.18,7924.213676975945
1790994952,T1019,2024-11,284,2249819.88,7921.900985915492
1104901941,T1015,2024-07,164,1298990.97,7920.676646341463
1750354619,T1019,2022-03,117,925212.72,7907.801025641025
1326502865,T1015,2024-02,727,5735356.35,7889.073383768913
1912039702,W1793,2024-01,106,836066.67,7887.42141509434
1326502865,T1015,2023-01,585,4612210.13,7884.11988034188
1104901941,T1015,2023-05,106,835496.47,7882.0421698113205
1750354619,T1019,2022-09,123,968669.76,7875.363902439024
1750354619,T1019,2023-02,110,866199.0,7874.536363636364
1649681362,W1793,2024-01,616,4846217.74,7867.236590909091
1134632599,T1015,2022-12,311,2446405.14,7866.254469453376
1326502865,T1015,2022-09,511,4015648.02,7858.410998043053
1326502865,T1015,2023-05,652,5117314.11,7848.641273006136
1104901941,T1015,2024-05,165,1294610.79,7846.126
1750354619,T1019,2022-07,125,980334.27,7842.6741600000005
1326502865,T1015,2024-05,784,6147871.64,7841.673010204081
1326502865,T1015,2023-08,640,5014554.84,7835.2419375
1104901941,T1015,2023-11,107,836458.45,7817.368691588785
1326502865,T1015,2023-10,693,5405503.35,7800.149134199134
1326502865,T1015,2024-06,770,5989317.41,7778.334298701299
1326502865,T1015,2023-02,590,4579189.9,7761.338813559322
1134632599,T1015,2024-02,315,2442070.58,7752.605015873016
1790826600,T1015,2024-10,647,4979536.94,7696.347666151469
1750354619,T1019,2022-05,123,946345.86,7693.8687804878045
1326502865,T1015,2023-06,633,4864793.38,7685.297598736177
1104901941,T1015,2023-09,111,850825.27,7665.092522522523
1134632599,T1015,2024-01,340,2603711.61,7657.975323529411
1255923827,T1019,2024-12,107,819190.46,7655.985607476635
1134632599,T1015,2024-06,303,2311043.18,7627.205214521453
1104901941,T1015,2024-03,145,1105752.74,7625.880965517242
1265839906,W1793,2022-05,170,1294984.09,7617.5534705882355
1326502865,T1015,2022-12,547,4163778.63,7612.026745886655
1326502865,T1015,2020-10,276,2090515.14,7574.330217391304
1104901941,T1015,2024-09,157,1184987.77,7547.692802547771
1750354619,T1019,2022-06,123,928112.18,7545.6274796747975
1750354619,T1019,2022-04,121,910972.66,7528.699669421488
1134632599,T1015,2023-12,321,2408647.64,7503.575202492212
1790994952,T1019,2024-09,297,2225219.52,7492.3216161616165
1134632599,T1015,2020-10,287,2149944.33,7491.095226480837
1790994952,T1019,2024-06,291,2177349.81,7482.301752577319
1750354619,T1019,2021-10,132,982104.0,7440.181818181818
1750354619,T1019,2022-01,123,913936.81,7430.380569105691
1134632599,T1015,2020-02,260,1927341.7,7412.852692307692
1790994952,T1019,2023-12,293,2171392.66,7410.896450511946
1104901941,T1015,2024-06,168,1241764.77,7391.456964285714
1790994952,T1019,2024-07,295,2179317.76,7387.517830508474
1134632599,T1015,2020-07,270,1994421.85,7386.747592592593
1790826600,T1015,2022-03,692,5094550.87,7362.067731213873
1700521200,A0100,2023-06,122,897991.87,7360.589098360656
1790994952,T1019,2024-04,291,2139967.33,7353.839621993127
1326502865,T1015,2023-11,706,5191479.11,7353.369844192635
1326502865,T1015,2023-07,614,4508233.54,7342.39990228013
1134632599,T1015,2024-09,330,2414906.53,7317.898575757575
1790994952,T1019,2024-01,293,2132241.81,7277.275802047781
1790994952,T1019,2023-09,288,2068060.09,7180.764201388889
1750354619,T1019,2021-12,128,908831.5,7100.24609375
1790994952,T1019,2024-02,293,2079263.62,7096.462866894199
1700901725,A0100,2019-03,3843,27095930.55,7050.723536299766
1790994952,T1019,2023-06,282,1984240.58,7036.314113475178
1750354619,T1019,2022-02,124,870319.04,7018.701935483871
1790994952,T1019,2023-03,301,2099220.01,6974.152857142856
1750354619,T1019,2021-11,129,892377.5,6917.65503875969
1528354958,T1019,2020-07,243,1680013.96,6913.6376954732505
1790994952,T1019,2023-10,291,2008348.52,6901.541305841924
1528354958,T1019,2020-05,242,1668651.78,6895.255289256198
1790994952,T1019,2022-12,308,2117359.99,6874.545422077923
1750354619,T1019,2021-07,151,1031509.45,6831.188410596026
1821323940,T1019,2022-07,441,3010982.42,6827.624535147392
1790994952,T1019,2023-01,304,2071299.3,6813.484539473684
1619334323,T1019,2022-10,1483,10098025.75,6809.187963587323
1790994952,T1019,2023-05,291,1980755.58,6806.720206185567
1750829362,S5102,2018-04,118,802538.54,6801.174067796611
1790994952,T1019,2023-11,289,1959876.14,6781.578339100346
1790994952,T1019,2023-08,281,1904946.82,6779.170177935944
1528354958,T1019,2020-10,243,1643596.87,6763.773127572017
1619334323,T1019,2022-08,1433,9652817.76,6736.090551290998
1619334323,T1019,2021-01,1068,7172084.76,6715.435168539326
1750354619,T1019,2020-10,176,1181596.47,6713.616306818181
1790994952,T1019,2022-11,306,2048278.23,6693.719705882353
1790994952,T1019,2022-10,311,2080931.21,6691.097138263665
1790994952,T1019,2023-07,279,1865289.2,6685.624372759857
1619334323,T1019,2022-01,1286,8581124.75,6672.725311041991
1750354619,T1019,2021-09,140,934160.0,6672.571428571428
1619334323,T1019,2021-12,1281,8546325.1,6671.604293520687
1619334323,T1019,2022-11,1503,10015594.14,6663.735289421158
1528354958,T1019,2021-10,196,1305275.69,6659.569846938775
1619334323,T1019,2023-03,474,3154159.05,6654.343987341772
1619334323,T1019,2022-07,1405,9341263.72,6648.5862775800715
1497014252,T1019,2024-08,927,6158641.74,6643.626472491909
1750354619,T1019,2021-03,169,1121955.17,6638.78798816568
1528354958,T1019,2020-01,267,1770284.04,6630.277303370786
1619334323,T1019,2023-05,502,3328314.23,6630.1080278884465
1619334323,T1019,2022-03,1309,8676181.45,6628.098892284186
1619334323,T1019,2022-05,1367,9046797.5,6617.993782004389
1619334323,T1019,2020-12,1068,7057743.13,6608.373717228465
1790994952,T1019,2023-04,297,1961535.28,6604.495892255893
1619334323,T1019,2023-01,476,3143157.66,6603.272394957983
1750354619,T1019,2021-05,159,1049346.16,6599.661383647798
1790994952,T1019,2020-10,407,2683366.76,6593.038722358722
1013093616,T2023,2024-11,163,1001294.42,6142.910552147239
1013093616,T2023,2024-10,172,1055429.92,6136.220465116278
1013093616,T2023,2024-09,176,1077678.09,6123.170965909091
1821512278,S5130,2024-08,153,936706.89,6122.267254901961
1053329581,H2012,2020-04,263,1601653.5,6089.9372623574145
1306875695,H0036,2023-07,267,1619415.93,6065.228202247191
1013093616,T2023,2024-08,181,1087288.99,6007.121491712707
1013093616,T2023,2024-07,129,771612.1,5981.489147286821
1902060809,S5102,2024-10,176,1001623.95,5691.045170454545
1013093616,T2023,2024-03,175,988723.53,5649.848742857143
1013093616,T2023,2024-01,181,1021714.25,5644.830110497238
1306875695,H0036,2023-09,287,1611333.42,5614.402160278745
1700831401,A0431,2024-10,161,903126.53,5609.481552795031
1013093616,T2023,2023-11,162,908272.0,5606.617283950617
1013093616,T2023,2023-03,154,862211.01,5598.772792207792
1013093616,T2023,2023-12,173,966730.93,5588.040057803469
1013093616,T2023,2023-10,146,815152.89,5583.2389726027395
1013093616,T2023,2023-04,185,1026853.73,5550.560702702703
1013093616,T2023,2023-02,172,953838.33,5545.571686046512
1013093616,T2023,2023-05,156,862882.93,5531.300833333334
1013093616,T2023,2023-08,146,806094.84,5521.197534246575
1700831401,A0431,2024-05,190,1047492.76,5513.119789473684
1700831401,A0431,2024-06,198,1090773.79,5508.958535353536
1700831401,A0431,2024-09,168,921402.82,5484.540595238095
1013093616,T2023,2024-06,147,805768.3,5481.4170068027215
1013093616,T2023,2023-07,175,954310.82,5453.204685714285
1821512278,S5130,2024-11,168,915472.45,5449.2407738095235
1902060809,S5102,2024-08,172,933546.51,5427.595988372093
1013093616,T2023,2023-09,148,802715.63,5423.754256756757
1013093616,T2023,2023-06,150,811805.8,5412.038666666667
1306875695,H0036,2023-06,262,1417942.2,5411.993129770992
1700831401,A0431,2024-08,205,1106013.06,5395.185658536586
1306875695,H0036,2023-08,273,1470909.22,5387.94586080586
1700831401,A0431,2024-07,193,1031398.02,5344.031191709844
1306875695,H0036,2023-10,277,1438472.53,5193.041624548737
1588708648,T2023,2024-09,167,847870.79,5077.070598802396
1821512278,S5130,2024-09,157,766400.45,4881.53152866242
1487632998,81416,2024-09,750,3648000.54,4864.00072
1588708648,T2023,2023-08,161,771486.09,4791.839068322981
1588708648,T2023,2023-07,163,776785.98,4765.558159509203
1588708648,T2023,2023-04,164,781540.44,4765.490487804877
1588708648,T2023,2023-06,170,805868.27,4740.401588235294
1588708648,T2023,2023-05,170,802047.25,4717.925
1588708648,T2023,2023-02,165,776434.92,4705.666181818182
1588708648,T2023,2023-10,164,770315.42,4697.045243902439
1588708648,T2023,2022-10,170,797937.52,4693.750117647059
1588708648,T2023,2024-04,167,783462.72,4691.393532934131
1588708648,T2023,2024-03,167,777552.73,4656.004371257485
1588708648,T2023,2024-05,166,769645.72,4636.42
1013093616,T2023,2019-09,209,966319.84,4623.53990430622
1588708648,T2023,2024-01,177,814138.37,4599.651807909605
1013093616,T2023,2022-01,203,932674.68,4594.456551724138
1013093616,T2023,2021-03,235,1076705.54,4581.72570212766
1013093616,T2023,2022-02,196,897867.52,4580.9567346938775
1013093616,T2023,2020-11,225,1030087.55,4578.166888888889
1013093616,T2023,2021-04,232,1061382.87,4574.926163793104
1013093616,T2023,2021-06,224,1022939.69,4566.695044642857
1013093616,T2023,2020-12,220,1001981.97,4554.4635
1013093616,T2023,2021-01,217,985761.08,4542.677788018433
1013093616,T2023,2019-11,214,972119.61,4542.615
1013093616,T2023,2021-02,236,1071485.16,4540.191355932203
1013093616,T2023,2022-03,174,789614.95,4538.016954022988
1013093616,T2023,2020-09,210,948876.14,4518.457809523809
1013093616,T2023,2020-03,200,903651.7,4518.2585
1013093616,T2023,2020-10,233,1052532.38,4517.30635193133
1376554592,A0429,2021-03,1433,6465218.2,4511.666573621773
1487882205,H2035,2021-08,185,832846.95,4501.875405405405
1013093616,T2023,2020-02,215,967418.68,4499.62176744186
1184612764,99285,2024-11,377,1677683.86,4450.089814323608
1376554592,A0427,2021-03,5101,22446434.95,4400.398931582043
1376554592,A0427,2021-01,4378,19230823.58,4392.60474645957
1396049987,H0036,2024-07,254,1102973.77,4342.416417322835
1376554592,A0427,2021-02,4303,18617392.93,4326.607699279572
1487882205,H2035,2021-09,194,819899.4,4226.285567010309
1487882205,H2035,2021-10,206,866645.1,4207.015048543689
1306875695,H0036,2023-04,234,976399.68,4172.6482051282055
1457772535,A9276,2021-09,426,1762488.49,4137.296924882629
1376554592,A0429,2021-02,1235,5084799.0,4117.246153846154
1134271661,99285,2022-10,279,1089507.1,3905.0433691756275
1376554592,A0429,2021-01,1075,4154476.34,3864.629153488372
1306875695,H0037,2022-08,412,1579826.99,3834.5315291262136
1306875695,H0037,2022-12,433,1651152.5,3813.285219399538
1306875695,H0037,2022-07,432,1635771.91,3786.5090509259257
1568534055,99509,2020-06,381,1438077.85,3774.482545931759
1306875695,H0037,2022-10,469,1756917.08,3746.091855010661
1306875695,H0037,2023-01,429,1578086.0,3678.5221445221446
1184612764,99285,2024-10,362,1303341.78,3600.3916574585637
1144562422,S5130,2019-09,231,824051.81,3567.323852813853
1134271661,99285,2022-11,269,935669.04,3478.3235687732345
1134271661,99285,2021-04,262,882851.8,3369.663358778626
1134271661,99285,2022-05,314,1049302.22,3341.726815286624
1376554592,A0429,2024-09,1984,6613936.08,3333.637137096774
1376554592,A0429,2024-10,1889,6289259.83,3329.412297511911
1376554592,A0429,2024-11,1750,5792112.97,3309.77884
1376554592,A0427,2024-11,3192,10497066.11,3288.554545739348
1376554592,A0427,2024-09,3941,12937993.52,3282.9214717076884
1376554592,A0427,2024-10,3498,11373260.01,3251.360780445969
1134271661,99285,2022-06,266,856927.18,3221.5307518796994
1134271661,99285,2021-03,241,770933.1,3198.892531120332
1821032913,97535,2024-11,793,2461450.79,3103.9732534678437
1275197055,A0428,2024-10,333,1022960.38,3071.9530930930932
1457772535,A9276,2021-08,333,982164.36,2949.4425225225223
1134271661,99285,2021-09,284,832739.68,2932.181971830986
1134271661,99285,2022-09,289,792327.14,2741.616401384083
1134271661,99285,2021-05,301,824324.34,2738.619069767442
1134271661,99285,2022-03,389,1023883.1,2632.090231362468
1457772535,A9276,2021-07,336,879118.84,2616.425119047619
1134271661,99285,2022-04,342,876883.85,2563.9878654970757
1790954691,G9012,2024-10,363,907300.0,2499.4490358126723
1821078932,H0040,2021-12,359,895710.08,2495.0141504178273
1457772535,A9276,2021-10,353,863421.46,2445.9531444759205
1366184228,T1040,2024-04,1534,3747538.76,2442.9848500651888
1821078932,H0040,2022-03,363,881939.53,2429.585482093664
1396081667,S0215,2020-04,353,856337.94,2425.886515580736
1821078932,H0040,2022-01,361,873595.64,2419.9325207756233
1821432022,S0215,2021-07,686,1624012.38,2367.3649854227406
1457772535,A9276,2021-06,439,1038788.26,2366.2602733485196
1376844332,S0215,2020-04,409,966811.59,2363.8425183374084
1366184228,T1040,2024-10,1400,3303000.25,2359.2858928571427
1366184228,T1040,2024-07,1336,3137039.46,2348.0834281437124
1457772535,A9276,2021-12,413,969125.85,2346.5516949152543
1457772535,A9276,2021-03,361,842508.87,2333.8195844875345
1457772535,A9276,2021-11,379,873566.07,2304.923667546174
1891237012,T1040,2024-10,941,2153680.25,2288.71439957492
1366184228,T1040,2024-02,1506,3372991.87,2239.7024369189908
1366881872,S0215,2020-04,393,870213.27,2214.283129770992
1376085100,T1040,2024-10,1668,3684322.98,2208.826726618705
1366184228,T1040,2024-06,1309,2876083.96,2197.161161191749
1821432022,S0215,2021-03,620,1360864.62,2194.942935483871
1366184228,T1040,2024-05,1484,3256616.43,2194.485464959569
1821432022,S0215,2021-01,507,1105506.09,2180.4853846153846
1306388525,T1040,2024-10,2810,6117386.12,2177.0057366548044
1376085100,T1040,2023-08,2139,4608758.92,2154.6325011687704
1366184228,T1040,2024-08,1386,2967195.57,2140.8337445887446
1366184228,T1040,2024-11,1396,2965599.0,2124.3545845272206
1366184228,T1040,2024-03,1492,3157672.1,2116.402211796247
1891237012,T1040,2024-08,987,2079602.49,2106.993404255319
1891237012,T1040,2024-07,957,2003725.95,2093.7575235109716
1376085100,T1040,2024-07,1812,3757036.03,2073.4194426048566
1891237012,T1040,2023-08,1095,2268825.97,2071.9871872146123
1891237012,T1040,2023-10,1084,2235504.48,2062.2735055350554
1891237012,T1040,2024-04,1084,2223068.58,2050.8012730627306
1427131424,E0652,2019-09,519,1000352.72,1927.4618882466282
1396756938,00003,2018-07,581,1110235.36,1910.904234079174
1184612764,99284,2024-11,528,1000883.52,1895.6127272727274
1417099789,T1017,2023-03,558,1009693.36,1809.4863082437275
1083712830,W0500,2020-01,589,1030658.61,1749.8448387096773
1417099789,T1017,2023-04,532,920047.58,1729.4127443609023
1861520272,T2005,2023-08,493,836570.94,1696.8984584178497
1184612764,99284,2024-10,590,998788.56,1692.861966101695
1417099789,T1017,2023-02,517,870933.96,1684.5917988394583
1417099789,T1017,2023-05,534,871673.0,1632.3464419475656
1861520272,T2005,2023-07,472,770247.97,1631.8812923728813
1164535274,K0606,2024-11,1839,2970543.01,1615.3034312126154
1548707748,G2067,2023-09,774,1229894.68,1589.0112144702841
1417099789,T1017,2023-01,519,821666.7,1583.1728323699422
1861520272,T2005,2023-06,544,846476.62,1556.0231985294117
1164483558,99284,2018-05,957,1408218.61,1471.4928004179728
1417099789,T1017,2024-08,603,866125.35,1436.3604477611939
1417099789,T1017,2024-07,576,795792.04,1381.5834027777778
1952528408,H0023,2024-10,563,775433.11,1377.3234635879219
1255104584,T1041,2024-10,1070,1468014.0,1371.9757009345794
1255104584,T1041,2024-11,1068,1451853.0,1359.4129213483145
1225801731,T1041,2024-11,665,902889.0,1357.7278195488723
1225801731,T1041,2024-10,719,950353.0,1321.7705146036162
1952528408,H0023,2024-05,657,859238.28,1307.8208219178082
1952528408,H0023,2024-03,611,798510.6,1306.891325695581
1952528408,H0023,2024-01,627,818947.8,1306.1368421052632
1952528408,H0023,2023-01,600,783444.8,1305.7413333333334
1952528408,H0023,2023-05,617,804808.83,1304.3903241491084
1952528408,H0023,2023-03,626,812417.91,1297.7921884984025
1952528408,H0023,2023-10,601,777781.44,1294.1454908485855
1134260078,W6110,2020-10,1142,1467748.73,1285.2440718038529
1346680071,90834,2021-03,690,792101.32,1147.9729275362317
1346680071,90834,2022-06,733,829933.22,1132.2417735334243
1346680071,90834,2022-05,736,825239.81,1121.2497418478263
1699703827,90837,2023-10,717,790458.68,1102.452831241283
1346680071,90834,2022-04,743,805444.22,1084.0433647375505
1346680071,90834,2021-06,726,766449.82,1055.7160055096417
1346680071,90834,2022-08,758,789516.44,1041.5784168865434
1346680071,90834,2023-05,762,787300.9,1033.2032808398951
1346680071,90834,2022-11,746,769395.89,1031.361782841823
1346680071,90834,2023-03,768,791124.86,1030.1104947916667
1346680071,90834,2023-08,762,770850.38,1011.6146719160105
1346680071,90834,2023-06,782,768251.4,982.4186700767264
1912914821,0450,2019-04,2156,2083456.8,966.3528756957329
1699703827,90837,2024-05,803,766751.05,954.858094645081
1881935419,T1013,2024-10,936,821088.58,877.2313888888889
1639160708,A4353,2024-01,1718,1450548.52,844.3239348079162
1881935419,T1013,2024-09,979,825793.13,843.5067722165475
1881935419,T1013,2024-08,935,782205.88,836.5838288770053
1639160708,A4353,2024-02,1696,1338723.19,789.3415035377358
1255385399,99214,2024-10,1224,792832.11,647.7386519607843
1225255375,99214,2023-08,1236,782725.36,633.2729449838188
1225255375,99214,2024-01,1401,865322.42,617.646266952177
1558672279,81408,2019-08,1701,1046103.88,614.9934626690182
1225255375,99214,2023-10,1294,795108.41,614.4578129829985
1225255375,99214,2023-11,1273,777551.79,610.8026630007856
1649937236,S5170,2023-11,3192,1923363.5,602.5574874686716
1649937236,S5170,2023-07,3386,1977350.0,583.9781453041937
1649937236,S5170,2023-10,3112,1810106.5,581.6537596401029
1649937236,S5170,2024-05,6626,3836976.2,579.0788107455479
1225255375,99214,2024-04,1479,856035.16,578.7932116294794
1225255375,99214,2024-02,1389,798698.52,575.0169330453564
1225255375,99214,2024-05,1517,860717.26,567.3811865524061
1225255375,99214,2024-06,1420,792511.1,558.1064084507042
1225255375,99214,2024-03,1444,805682.9,557.9521468144045
1649937236,S5170,2024-01,4810,2666902.0,554.4494802494803
1982091617,G0483,2024-07,1794,973394.16,542.5831438127091
1649937236,S5170,2024-04,5812,3126646.0,537.9638678596008
1821210402,U0003,2021-12,3297,1721492.12,522.1389505611162
1649937236,S5170,2024-02,5177,2666849.0,515.1340544717018
1649937236,S5170,2023-06,3706,1902978.6,513.4858607663249
1437156635,T2040,2022-12,1811,925740.84,511.1766096079514
1982091617,G0483,2024-11,2046,1042609.56,509.5843401759531
1275665457,U0003,2022-01,5133,2529735.0,492.8375219170076
1821210402,U0003,2021-11,3084,1490529.66,483.31052529182875
1447314513,G0481,2018-05,1799,841452.34,467.73337409672035
1447314513,G0481,2018-04,2022,938071.12,463.9323046488625
1487191573,U0003,2022-12,2258,1043118.61,461.9657263064659
1437368891,G0463,2023-05,1740,796517.54,457.7687011494253
1447314513,G0481,2018-02,1937,877447.84,452.9932059886422
1447314513,G0481,2018-01,1872,845669.27,451.74640491452993
1457601965,A0380,2024-10,19912,8746716.76,439.2686199276818
1447314513,G0481,2018-03,1997,853002.07,427.1417476214321
1821210402,U0003,2022-01,6072,2573498.89,423.83051548089594
1275665457,U0003,2021-12,3416,1341300.0,392.652224824356
1275665457,U0003,2023-04,15286,5927610.0,387.7803218631427
1275665457,U0003,2022-02,5280,1988568.75,376.6228693181818
1275060931,U0003,2020-12,2322,868229.19,373.9143798449612
1275665457,U0003,2022-03,5418,2009475.0,370.8887043189369
1184379778,U0003,2022-10,3510,1286741.45,366.5930056980057
1205410933,U0003,2022-05,2300,815883.75,354.7320652173913
1518291129,U0003,2023-03,2532,880425.0,347.7191943127962
1184379778,U0003,2022-09,3865,1333116.85,344.9202716688228
1265854855,U0003,2023-03,3661,1249547.88,341.31326959847036
1083632897,S0280,2022-01,14511,4875133.41,335.9612301013025
1205410933,U0003,2022-03,2565,854012.52,332.948350877193
1982932463,U0003,2021-10,3659,1204963.08,329.3148619841487
1275060931,U0003,2021-01,2415,783024.9,324.23391304347825
1821210402,U0003,2022-03,6492,2102302.67,323.82973967960567
1275665457,U0003,2022-06,6859,2185938.75,318.6964207610439
1275665457,U0003,2023-03,9403,2981025.0,317.0291396362863
1518291129,U0003,2023-02,2600,816000.0,313.84615384615387
1396767430,S0280,2018-01,5214,1474808.35,282.8554564633679
1447314513,80307,2018-04,3521,960612.26,272.82370349332575
1447314513,80307,2018-01,3415,928637.22,271.92890775988286
1447314513,80307,2018-05,3673,986316.95,268.53170432888646
1447314513,80307,2018-08,3416,893096.25,261.4450380562061
1447314513,80307,2018-07,3274,834540.46,254.89934636530236
1447314513,80307,2018-03,3512,878834.18,250.2375227790433
1447314513,80307,2018-02,3684,919406.78,249.56752985884907
1447314513,80307,2018-06,3407,848352.58,249.00281185793952
1508982232,S5161,2019-08,18352,1755993.32,95.68403007846557
1609931583,S5161,2019-08,29130,1989762.92,68.3063137658771
